label,text
0,BREAKING: First NFL Team Declares Bankruptcy Over Kneeling Thugs
0,Court Orders Obama To Pay $400 Million In Restitution
0,UPDATE: Second Roy Moore Accuser Works For Michelle Obama Right NOW -
0,Oscar Pistorius Attempts To Commit Suicide
0,Trump Votes For Death Penalty For Being Gay
0,Putin says: ‚ÄòPope Francis Is Not A Man Of God‚Äô | Must-See¬†!!
0,New York Man Wanted For Infecting 240 Men And Women With HIV!!!
0,Saudi Arabia to Behead 6 School Girls for Being With Their Male Friends Without Parents or a Guardian
0,Malia Obama Fired From Cushy Internship At Spanish Embassy
0,Target to Discontinue Sale of Holy Bible
0,Youngest World Leader Bans George Soros‚Äôs Foundations From Austria
0,BREAKING: Hillary Clinton Has Third Heart Attack-Docs Says She ‚ÄòWon‚Äôt Survive‚Äô
0,"Barack Obama Tweets SICK Attack On John McCain, Says He Should Have Died"
0,President Trump Underscores US-Jamaica Relations
0,Actress Sandra Bullock to Hillary Clinton if You Don't Like Our President You Can Leave and Never Come Back Again You Are One Jealous Woman Who Ls Nothing to Compare With Trump I Hope He Will Arrest Y
0,Gretchen Carlson: ‚ÄúThe 2nd Amendment Was Written Before Guns Were Invented‚Äù
0,"Pope Francis At Mass: ‚ÄòJesus Is Metaphorical, Not Literal‚Äô"
0,Black Men Arrested In Philadelphia Starbucks Settle For $2 Million
0,ICE Detainer Issued for Suspected Wine Country Arsonist in Sonoma Jail
0,Former presidents walk fine line in Trump‚Äôs America
0,"Inside the Snapchat bloodbath: 60 minutes of terror which left 17 dead, bodies in classrooms and kids 'full of blood'"
0,BREAKING: Nancy Pelosi To Resign After New Revelations ‚Äì NRTOnline
0,"Donald Trump inauguration: Artists who won't perform at ceremony include Elton John, Celine Dion and John Legend"
0,BREAKING: Leaked Picture Of Obama Being Dragged Before A Judge In Handcuffs For Wiretapping Trump
0,Clinton Campaign official arrested by FBI on child rape/trafficking charges
0,"DONALD TRAIN NEWS: BREAKING: Rosa Parks‚Äô Granddaughter SLAMS Racist Democrats, Endorses Trump"
0,"NRA President Jim Porter Falsely Accused of Saying, ‚ÄúIt‚Äôs Only A Matter Of Time Before We Can Own Colored People Again‚Äù"
0,Biden raises possibility of 2020 presidential bid
0,"NYC: PHYSICIAN and Wife Jump To Death‚Ä¶Leave Kids Behind Because They ‚ÄúCan‚Äôt Afford The Health Care‚Äù Only Hours After McCain, Murkowski, Collins and EVERY Democrat Voted To Keep Obamacare -"
0,Snapchat is shutting down!
0,Rice told investigators why she unmasked Trump aides
0,BREAKING: Meryl Streep Just Got Fired From A Major Project For Lying About Trump -
0,Clinton Email: We Must Destroy Syria For Israel
0,CNN host Fareed Zakaria calls for jihad rape of white women
0,Could Trump Win The Nobel Peace Prize? Peace in Korean Peninsula Would Be Significant Foreign Policy Achievement
0,UPDATE: Hillary Clinton Leaves The Country As Mueller Indictment Is Announced
0,BREAKING: Illegal Muslim From Iran Arrested For Starting California Wildfire
0,"NFL Lawyer, Who Claimed Super Bowl Is ‚ÄòRigged‚Äô, Found Dead"
0,"Japanese Whaling Crew Eaten Alive By Killer Whales, 16 dead"
0,Barrels removed from Clinton property contain parts from 3 missing women.
0,"Liberal Women Hate Me Because Of My ‚ÄúStriking Beauty And Intellect‚Äù, Says Kellyanne Conway"
0,Buzz Aldrin ‚Äòpasses UFO lie detector test leaving experts convinced that he encountered alien life‚Äô
0,Full text: Jeff Flake on Trump speech transcript
0,Mike Pence: ‚ÄúAllowing Rape Victims To Have Abortions Will Lead To Women Trying To Get Raped‚Äù
0,"Paul Ryan: ‚Äú22 Million Americans Choose To Be Poor, So It‚Äôs Their Own Problem If They Can‚Äôt Afford To Be Healthy‚Äù"
0,Pope Francis: Gun Owners 'Can‚Äôt Call Themselves Christian' Anymore
0,About Mayor Bhalla
0,Neon Nettle
0,Broward County Sheriff Fired For Lying About Parkland
0,Tom Price: ‚ÄúIt‚Äôs Better For Our Budget If Cancer Patients Die More Quickly‚Äù
0,Breaking: Greitens Accuser Admits Photo Session May Have Been A ‚ÄúDream‚Äù
0,Obama Administration Kept Illegal Mexican Kids In Detention Camps As ‚ÄúExperiment‚Äù
0,Pope Francis To Followers: ‚ÄúKoran And Holy Bible Are The Same‚Äù
0,United Airlines Flight Attendant Slaps Crying Baby During Flight
0,"CIA Release Documents Of Moon, Moon Has More Than 250 Million Citizens"
0,How Donald Trump Lost the 'War on Christmas'
0,Thousands killed as Israel Drops Tactical Nuclear Bomb On Syria
0,Man charged with murder after driving into anti-far-right protesters in Charlottesville
0,BREAKING: Fox Sports Cancels ALL NFL Broadcasts ‚ÄòUntil Players Respect The Flag‚Äô
0,The Legislative Process
0,Head Of NFL Fines Steeler Teammates $1 MILLION Each!
0,Debbie Wasserman Schultz Aide Arrested Trying to Flee the Country
0,BREAKING: Sasha Obama Just Crashed Her Expensive New Car Into A Lake
0,Sid Miller
0,"Kasich: ‚ÄúIf A Woman Is Not Intelligent Enough To Keep Her Legs Closed, How Can We Entrust The Abortion Decision To Her?‚Äù"
0,Democrat Maxine Waters Has Shown Up To Only 10% Of Congressional Meetings For 35 YEARS
0,GOP Official Who Says America Needs ?Another 9/11? Shares _______________ With Trump
0,82-Year-Old Who Killed A Muslim In Self-Defense Gets The Death Penalty
0,DEA Just Raided A United States Senator
0,"CNN Shocks America, FIRES ‚ÄòJournalist‚Äô Who Made Fun Of Sarah Sanders‚Äô Face"
0,Trump‚Äôs DHS Secretary Confirms They Are Preparing To Arrest Sanctuary City Leaders
0,Twelve More Hurricanes Headed Towards US
0,CALIFORNIA DEMOCRAT MAXINE WATERS CHARGED ON 3 COUNTS. DO YOU SUPPORT THIS?
0,"BREAKING: British Intelligence Seizes Clinton Foundation Warehouse, $400 Million In Cash ‚Äì NRTOnline"
0,"OFFICIAL: Rudy Giuliani Officially Resigns, Trump‚Äôs Legal Team on Its Last Leg"
0,Michelle Obama Just Received LIFE-SHATTERING News From The Doctor
0,SPECIAL REPORT: GEORGIA BECOMES FIRST STATE TO BAN MUSLIM CULTURE IN HISTORIC MOVE TO RESTORE WESTERN VALUES!
0,Tens of Thousands Of Scientists Declare Climate Change A Hoax
0,The numbers don't lie... - Occupy Democrats
0,Donald Trump to issue an executive order to ban Facebook across US
0,"The hacked emails at the center of Mueller‚Äôs Russia investigation, explained"
0,JUST IN: Barack Obama ARRESTED in a Japanese Drug Bust
0,Lisa Page Squeals: DNC Server Was Not Hacked By Russia
0,"Bin Laden is ‚ÄúAlive and well in the Bahamas‚Äù, says Edward Snowden"
0,Robert Redford Says: Michelle And Barack Obama Should Get Five Years In Prison
0,Delta Ticket 2017
0,Breaking: Mar-A-Lago Destroyed By Irma-Jared Kushner Still Missing
0,Puerto Rico Mayor Facing Fraud Charges Over $3M In Federal Disaster Relief
0,Dying 78 Year Old CIA Agent Admits To Killing Marilyn Monroe
0,Breaking News: FBI Uncovers Evidence That 62 Million Trump Voters are All Russian Agents
0, If You Are Using This Toothpaste‚Ä¶ Throw It Away Immediately Nov 28
0,"Queen Elizabeth Says: ‚ÄúMuslim Refugees Are Dividing Nationality, I Fully Agree With Donald Trump We Should‚Ä¶‚Äù(VIDEO)"
0,Account Suspended
0,McCain Blamed For Sabotaging Trump
0,Create a Prank and trick your friends
0,"BOMBSHELL: COMEY KNEW MURDERED DNC STAFFER, SETH RICH, WAS WIKILEAKS SOURCE & COVERED IT UP FOR HILLARY"
0,American News is under construction
0,"Actress Jennifer Aniston: ‚ÄúMe and All The Trump Supporter Celebrities Decide To Make A Company Named ‚ÄúCelebrities For Trump‚Äù, Which Fight Against All Anti Trump Celebrities, I Think President Trump Ne"
0,"Police Officers, Firefighters and Others Get Hit with Tax Penalty"
0,Whoopi Goldberg: Navy SEAL Widow was ‚ÄúLooking for Attention‚Äù
0,Starbucks Just Placed Trump‚Äôs Photo on Floor so Every Customer have to Step On It‚Ä¶.
0,Food Stamp Enrollment Drops by Four Million in One Month
0,Obama Goes To G20 Summit
0,Melania Trump Hired Exorcist To ‚ÄòCleanse White House Of Obama Demons‚Äô
0,URGENT: proposed law would charge protesters with terrorism
0,"Fact-Check: No, Fall River, Massachusetts, Was Not ‚ÄòBuilt by Immigrants‚Äô"
0,Clint Eastwood Leaves His Estate To The Trump 2020 Campaign
0,"Actor Brad Pitt: 'Trump Is Not My President, We Have No Future With This...'"
0,Police Find 19 White Female Bodies In Freezers With ‚ÄúBlack Lives Matter‚Äù Carved Into Skin
0,"BREAKING: Trump fires Deputy Attorney General Rod Rosenstein, raising questions over Mueller‚Äôs fate"
0,JEFFERSON DAVIS STATUE TO BE REPLACED WITH OBAMA LIKENESS
0,John Hagee Calls For ‚ÄúProsecuting Women Who Say God‚Äôs Name During Intercourse‚Äù
0,The Kardashians donate whopping sum to Las Vegas mass shooting victims
0,Colorado Rockies Baseball Team To Sell Marijuana Brownies At Their Concession Stands
0,"MITT ROMNEY: ‚ÄòTRUMP HAS SOME VERY SERIOUS EMOTIONAL PROBLEMS, HE MUST RESIGN BEFORE WE‚Ä¶‚Äô"
0,BREAKING: Trump Removes Muslim Federal Judge For Trying To Implement Sharia Law In America
0,BREAKING: Autopsy Results From Vince Foster‚Äôs Exhumed Body‚ÄìCause Of Death To Be Changed
0,"Bill Gates: ‚ÄúI think Donald Trump will go down to history as one of the greatest presidents, just like Reagan.‚Äù"
0,"Florida Bridge Collapse, Female Company"
0,HRC Caught On Tape Laughing About Irma ¬ëWiping Out All Of Those Florida Hillbillies¬í
0,Alabama State Police Arrest 3 Poll Workers In Birmingham
0,HOLLYWOOD CELEBS: WE WILL GO ON ‚ÄòTOTAL STRIKE‚Äô IF TRUMP DOES NOT RESIGN
0,BREAKING: Roy Moore‚Äôs Accuser Arrested And Charged With Falsification
0,White House Chef Quits Because Trump Has Only Eaten Fast Food For 6 Months
0,112-Year-Old Voters in North Carolina?
0,Denzel Washington hit by Facebook fake news story on Trump
0,NASA Will Pay You 18000 USD To Stay In Bed And Smoke Weed For 70 Straight Days
0,BREAKING: Nancy Pelosi Was Just Taken From Her Office In Handcuffs
0,Paul Ryan: ‚ÄúDonald Trump Plans To Resign From Office Within The Next 30 Days‚Äù
0,LISTEN: Curious Robocall Seeks 'Damaging' Information on Moore
0,"National Guard Storms Mexico Border, Makes Game-Changing Impact In Just 30 Days"
0,BREAKING: Florida Moves For FULL RECOUNT Of State Over Massive Voter Fraud (DETAILS)
0,BREAKING: Shep Smith To Be Canned Because He Can‚Äôt Control His Hate For Donald Trump
0,"3,000-Pound Great White Shark Captured in Great Lakes"
0,Wife of Las Vegas massacre victim: ‚ÄòHe saved my life and lost his‚Äô
0,BREAKING: MALIA OBAMA EXPELLED FROM HARVARD
0,Bachmann: ‚ÄúWhite People Have Suffered More In The Last 8 Years Than Blacks Did During Couple Years Of Slavery‚Äù
0,Babysitter on Crystal Meth Eats 3-Month-Old Baby
0,Contact Support
0,JUST IN: John Kerry Facing Prison
0,JUST IN: Sarah Palin In A Coma After Hit And Run
0,Trump Declares Globalist Soros As ‚ÄúNational Security Threat‚Äù‚Ä¶Using Obama‚Äôs 2014 Executive Order
0,Delta targeted in online free airline ticket scam
0,Melania Just Hit Donald Trump With Shocking Announcement He Never Saw Coming
0,"OBAMA CANCELED IT, TRUMP REINSTATED IT ‚Äì A VERY SACRED DAY IS BACK"
0,UsPostman.com is for sale (Us Postman)
0,Bumble Bee Foods charged after man cooked with tuna
0,Morgue employee cremated by mistake while taking a nap
0,Hillary Clinton Furious At ‚ÄòSpecial Gift‚Äô Melania Trump Sent Her From Her Hospital Bed
0,Stephen Bannon: ‚ÄúNobody Can Blame You For Beating Your Wife If It‚Äôs Out Of Love‚Äù
0,"A fake photo of Emma Gonz√°lez went viral on the far right, where Parkland teens are villains"
0,Information for the Nation
0,majorthoughts.com
0,Trump on Revamping the Military: We‚Äôre Bringing Back the Draft
0,US Representatives Promise Implement Of UN Gun-Control Plans
0,Bill Gates‚Äô Former Doctor Says Billionaire ‚ÄòRefused To Vaccinate His Children‚Äô
0,"Haiti Official Getting Ready To Testify Against Clinton Foundation Corruption NEXT WEEK, Found DEAD With ‚ÄúGunshot to the head‚Äù"
0,Facebook Picks Sides in Alabama Senate Race=> Shuts Down Gateway Pundit and Breitbart Reports on Discredited Allred Accuser
0,Cannibals Arrested in Florida Claim Eating Human Flesh Cures Diabetes and Depression
0,Laguna Beach Antifa 22m David Hogg Didn't Attend Parkland High School I Went to School With Him at Redondo Shores High School in California and He Graduated in 2015 Here He Is in Our Yearbook From 201
0,Lady Gaga on Twitter
0,American News is under construction
0,Kushner And Wife Ivanka Trump Were Tossed Out Of The White House ‚Äî And Donald Is Cutting Them Out Of His Will!
0,Thinking about writing in a candidate on Election Day? Read this before you do.
0,Trump Gives Chaffetz The Thumbs Up For Investigating Hillary Clinton‚Äôs Email Server
0,Obama Secretly Flees US ‚Äì Leaves Stunning Evidence Behind
0,BREAKING: Monica Lewinsky Found Dead In Roslindale
0,BREAKING: The Democrat James Comey Has Been Having An Affair With Was JUST REVEALED! (DETAILS)
0,"ABC News Joins Obama In Ban Of American Flag Lapel Pins, Here‚Äôs What You Need To Know"
0,10 Things You Didn't Know About Nancy Pelosi
0,"Mom applies a remedy to her baby, moments later he dies. Be careful with this, moms!"
0,Clinton Foundations Sends Water To Houston For $7 A Bottle
0,"Flight Crew Takes A Knee And Walks Off, Leaving New Orleans Saints Stranded On Runway"
0,Floyd Mayweather Jr. Donates a Whopping Sum of Money to Houston After Hurricane ‚Äì What You Missed
0,"New Star Wars Movie Filming Near Rosenberg, Texas, Large Number of Extras Needed ‚Äì WBN 12 News"
0,Chuck Schumer¬ís Steamy Affair With A High School Cheerleader Confirmed
0,"Tennessee GOP Twitter taken down, after Tweet exposing Pelosi involved in Pedophilia"
0,"80% of black men in Atlanta are Homosexuals, study says"
0,Texas church shooter was a militant atheist
0,Pope Calls for World Wide Gun Confiscation Except for the UN
0,BREAKING: Barcelona Terrorist Has A Cousin In The US Named Barack
0,BREAKING: President Trump Just Told Paul Ryan ‚ÄòYou‚Äôre Fired‚Äô
0,‚ÄúHIV VIRUS‚Äù Found In Walmart Bananas After 10 Year Old Boy Agreements The Infection
0,Senate Democrats Demand Supreme Court Nominee Not Be Unduly Influenced By U.S. Constitution
0,Application for ‚ÄòMarch For Our Lives‚Äô permit was made months before Parkland school shooting
0,412 Michigan Muslims Arrested In Fed‚Äôs ‚ÄòLARGEST BUST IN U.S. HISTORY‚Äô
0,"BOOM: Roy Moore Takes The Military Vote, Pulls Ahead By 5K Votes"
0,Julia Roberts Claims ‚ÄòMichelle Obama Isn‚Äôt Fit to Clean Melania‚Äôs Toilet‚Äô
0,New Jersey Police Chief Says Black People ‚ÄòHave No Value‚Äô And Should All Be Executed
0,State Of Minnesota Has Just Handed Over FULL CONTROL To Muslims So They Can Take Down ‚ÄòInfidels‚Äô
0,BREAKING: Clinton Foundation Cargo Ship Raided At Port Of Baltimore Reveals Sick Secret
0,Miley Cyrus: 'Donald Trump Is a F--king Nightmare'
0,BREAKING: Bill O‚ÄôReilly In Critical Condition After Being Attacked By ‚ÄòTolerant‚Äô Liberals
0,"Bill Murray Had This to Say About Rochester, New Hampshire Residents ‚Äì News Daily 12"
0,Keanu Reeves Shook The World With Another POWERFUL Message
0,BREAKING: KEN STARR‚ÄôS PLANE JUST DISAPPEARED ON HIS WAY TO DC TO TESTIFY AGAINST HILLARY
0,TRUMP WANTS TO DEPORT AMERICAN INDIANS TO INDIA
0,BREAKING: Johnny Depp Taken Into Custody By Secret Service
0,"Peter Strzok, FBI Agent in Texting Scandal, Will Testify Before Congress"
0,Trump Removing Marines From the Navy
0,Mueller Will Be Forced To Resign Over Pelosi Affair
0,DONALD TRUMP PRAISES COLONEL SANDERS FOR HIS SERVICE IN THE CIVIL WAR Manny Schewitz O 2 Days Ago Off the Wire Speaking to Our Intern Dave Robicheaux Who Is Paid in Facebook Likes Trump Insisted Col H
0,Charleston Shooter Dylann Roof Moved to Death Row in Terre Haute Federal Prison
0,Trump Vows to End Winter Heating Assistance for Elderly and Disabled ‚Äì Our Voice
0,BREAKING: Supreme Court Issues Its First Bench Warrant Ever
0,Clinton Foundation Largest Unprosecuted Charity Fraud in History-Charles Ortel
0,You are being redirected...
0,"Smoking In Cars With Children Is Illegal Starting January 30, 2018"
0,FBI uncovered Russian bribery plot before Obama administration approved controversial nuclear deal with Moscow
0,NASA Has Just Confirmed Earth Has A New Moon
0,"The pro-Russia, pro-weed, pro-Assange GOP congressman who will be tough to beat"
0,Target Recalls Water Absorbing Toys Due to Serious Ingestion Hazard
0,UPDATE: Malia Obama Among 10 Arrested In Racist Antifa Attack
0,UF requests to cancel Rivalry game against FSU
0,Las Vegas Shooting Witnesses Report Multiple Gunmen Dressed as Security Guards Oct 3 2017
0,alternativemediasyndicate.com
0,BREAKING: US comedian Kevin Hart in critical condition after gory car crash
0,TRUMP APPROVAL RATING Better than Obama and Reagan at Same Point in their Presidencies
0,Fox News Sandra Smith: ‚ÄúEverybody Could See From The United Airlines Passenger‚Äôs Behavior That He Was Not A Genuine American‚Äù
0,flashnewscorner.com
0,"DNC‚Äôs Donna Brazile Dedicated Her Book to ‚ÄòPatriot‚Äô Seth Rich, Whose Death Made Her Fear for Her Own Life"
0,Manager killed 10 employees at checkers on 183st and 27ave
0,Obama Announces Bid To Become UN Secretary General ‚Äì Usa News
0,MEXICO‚ÄôS NEXT PRESIDENT Calls for An Invasion Of The US‚Ä¶.
0,NASA ANNOUNCED THAT IT COMMUNICATED WITH FOUR RACES OF ALIENS
0,Ohio student suspended for staying in class during National Walkout Day
0,BREAKING NEWS: Prince William and Harry donates $100 million to Hurricane Harvey Victims
0,Morgan Freeman: ‚ÄòJailing Hillary‚Äô Best Way To ‚ÄòRestore Public Faith In Govt‚Äô
0,Jason Aldean Gig Canceled After He Sells Out To Liberals On SNL
0,Trump Orders 13 Obama Deep State Operatives Arrested For Treason
0,Inside a Fake News Sausage Factory: ‚ÄòThis Is All About Income‚Äô
0,CNN To Permanently Close Its Doors As Ratings Plunge 30 Percent
0,REPORT: Kim Jong Un Killed In Trump‚Äôs Overnight Black Op Attack On North Korea -
0,"Statement from FDA Commissioner Scott Gottlieb, M.D., on FDA‚Äôs ongoing efforts to help improve effectiveness of influenza vaccines"
0,Eric Trump: It would be 'foolish' for my dad to release tax returns
0,BREAKING! Roy Moore‚Äôs Accuser Worked for Democratic Leaders and Is Actively Campaigning for Moore‚Äôs Opponent ‚ãÜ Activist Mommy
0,Civil War Erupts In Sweden as Irate Swedes Burn Nine Muslim Refugee Centers to the Ground
0,Mental Images
0,Kurt Russel Just SHOWED Overpaid Celebs It‚Äôs Time To Shut Up About Trump ‚Äì Hits Them Where It Hurts!
0,First Indictment Issued In Russian Bribery Case Tied To Obama-Era Uranium One Deal
0,Trump‚Äôs Top Scientist Pick: ‚ÄúScientists Are Just Dumb Regular People That Think Dinosaurs Existed And The Earth Is Getting Warmer‚Äù
0,STUNNING! Democrats BOO and GROAN at Trump Mention of Murder Victims of MS-13 Killers (VIDEO)
0,"BREAKING: Trump Just Gave Every WORKING, LEGAL Man Woman And Child In The USA $612 EACH! -"
0,Investigators: Anthony Bourdain Was Killed By Clinton Operatives
0, Friendly Fire ‚Ä¶ Charlottesville Car attacker is antiTrump Antifa supporter
0,BREAKING: 60 People Just Found Dead In Ohio
0,Denzel Washington: With Trump we avoided war with Russia and Orwellian Police State
0,"Oprah Winfrey: The Butler, racism and Obama"
0,All Citizens Who Want to Receive Gvt Benefits Must Agree to Be Microchipped in the Near Future
0,USA: Mysterious Nazi submarine from WWII discovered in Great Lakes!
0,BREAKING ObamaLed UN Has Just Made It Official US To Immediately Pay Blacks ‚ÄòReparations‚Äô
0,Computer Models Show IRMA Destroying New York City On Sept. 10
0,"NASA Will Pay You $100,000 To Stay In Bed For 60 Days!"
0,BREAKING: President Trump Pardons Kim Davis
0,"Last in Queen Elizabeth II's line of corgis dies, says British press"
0,And we pay her a salary!.... - Judge Jeanine Pirro has Fans
0,"Whoopi Goldberg Humiliated, Handcuffed And Dragged Out Of The TV Studio"
0,BREAKING: CZECH REPUBLIC ARMS CITIZENS ‚Äì ‚ÄúYOU CAN NOW SHOOT TERRORISTS ON SIGHT‚Äù
0,Alabama football Crimson Tide disqualified from national championship
0,"Georgia Mosque KEEPS Hurricane Harvey Donations, Will Send To Syrian Refugees Instead"
0,World's most popular candy to be removed from shelves by October 2017!
0,"Scott Baio, Beloved Face Of Conservatism, Dies In Small Plane Crash On His Way To Visit Trump"
0,BREAKING: Black Hockey Player FIRED After Raising Fist During National Anthem
0,Attorney General Sessions Statement on Recusal
0,BREAKING: Rosa Parks‚Äô Daughter Praises Trump‚Äôs Response to Charlottesville ‚Äì forfreedomworld
0,Trump warns Russia over Jehovah‚Äôs Witnesses ban and urges members to seek asylum in the US
0,BOMBSHELL!! Obama Paid FBI Informant Over $1 MILLION To Do It To Trump! EVEN AFTER THE ELECTION!
0,"Singer Tina Turner: ‚ÄúThis Thanksgiving Is The First Time in 8 Years That I am Thankful For Our President, God Bless Him And His Supporters.‚Äù Do You Support To Tina ? ‚Äì American President Donald J. Tru"
0,"Democrats go full TYRANNY: Now demand nationwide gun confiscation from law-abiding Americans‚Ä¶ at gunpoint, of course"
0,"FOX Network Picks Up ‚ÄòRoseanne,‚Äô Saying It Has No Problem With Occasional Racism ‚Äì The Newly Press News Network ‚Äì POTUS Press Network"
0,ICE removal key goal of Democrats in 2020 election
0,Obama Orders Life-Sized Bronze Statute of Himself To Be Permanently Installed in White House
0,Donald Trump Dead From A Fatal HEART ATTACK! ‚Äî Steemit
0,Vets for Trump Facebook page
0,Red Hen Owner Just Issued Sick Threat To Sarah Sanders After Biz Was Destroyed By Booting Her
0,Libtard Hero Al Franken Forced To Resign In Disgrace
0,Fox News' Shepard Smith: 'Why is it lie after lie after lie?' on Russia meeting
0,Trump Nation
0,Wilmington Regional Film Commission
0,Man Loses His Testicles After Attempting To Smoke Weed Through A Scuba Tank
0,proudleader.com
0,"Emma Gonzalez Bullied School Shooter, Isn‚Äôt Sorry; Then Retweets Message Blaming ‚ÄúWhite Boys‚Äô Entitlement‚Äù As Cause Of All School Shootings"
0,Lady Gaga Reveals Plan To Cover Her Face Again ‚ÄúUntil Trump Gets Fired From Office And I Feel Free Once More‚Äù
0,‚ÄúGay People Should Wear Specially-Colored Clothes To Warn Straight People‚Äù
0,San Juan City Council Votes Unanimously To Impeach Trump-Hating Mayor
0,UPDATE: Van Full Of Illegals Caught Voting At Multiple Alabama Polling Locations
0,BREAKING: Irish superstar Saoirse Ronan dies after on-set accident in St. Lucia
0,Information for the Nation
0,WE CALLED IT! Gloria Allred Accuser **ADMITS** She Tampered With Roy Moore's Yearbook 'Signature' (VIDEO)
0,Miss Universe Guayana 2016 arrestada con 2kilos en London Airportüò±
0,"Nancy Pelosi Suffers Breakdown, Taken From Capitol Hill On A Stretcher"
0,SMOKING GUN=> San Juan Teamsters Didn't Show Up for Work to Distribute Relief Supplies
0,BREAKING: President Trump Signs Executive Order Stripping NFL Of ‚ÄòNon-Profit‚Äô Status
0,"Michelle Obama: ‚ÄòFlorida Shooting Is Clearly Trump‚Äôs Fault, These Shootings Are Happening Constantly Since He Became Our President.We Must Protect Our Children From This Tyrant‚ÄùDo You Support Her?‚Äô"
0,"First family visits D.C. shelter, highlights homeless veterans‚Äô plight"
0,Hillary In Hiding As Police Discover Dead Body Hidden In Huma Abedin‚Äôs Dumpster
0, Breaking President Trump makes English the official language of the United States
0,BREAKING: Santa Fe Killer Confesses His Love For Obama
0,Pence: ‚ÄúMichelle Obama Is The Most Vulgar First Lady We‚Äôve Ever Had‚Äù
0,‚ÄòNASA Confirms‚Äô 15 Days Of Darkness Coming This Month
0,Snoop Dogg Arrested For Conspiracy After Talking About His ‚ÄòMurder Trump‚Äô Video
0,"Shaquille O‚ÄôNeal Says: ‚ÄòTrump Is Possibly The Best President Of The President Of All Times Ever, He Is Not Afraid To‚Ä¶‚Äô"
0,BREAKING: Mike Huckabee Just Fired!
0,UPDATE: Florida Governor Rick Scott Now Listed As &#8216;Critical&#8217; After Bizarre Hurricane Cleanup Accident
0, BREAKING Muslims‚Äô Disturbing Plan Comes Out After Grocery Stores Go Bare To Prepare For Irma
0,Virginia Republican Wants Schools To Check Children's Genitals Before Using Bathroom
0,Leonardo DiCaprio Tells President Obama That He's Going to Mars
0,Prince William May Not Attend Royal Wedding Leaving Harry Without a Best Man; Princess Diana Would Not Be Happy
0,Man pardoned by Obama ‚Äòexecuted‚Äô by masked men at halfway house
0,eCFR ‚Äî Code of Federal Regulations
0,Student Hasn't Stopped Filming Since Florida School Shooting
0,BREAKING: Trump Caught INVESTING in Dakota Pipeline Before Signing It
0,FDA Announced That Vaccines Are Causing Autism
0,Carnival Cruise Lines will now offer FREE Cruises
0,BREAKING: Fox Star Tucker Carlson In Critical Condition After Head On Collision Driving Home
0,BUSTED: Obama is Holding Secret Meetings to OVERTAKE the White House
0,Texas law enforcement officer fatally shot upon arriving for work by 3 Muslim refugee. Do you support to deport them?
0,Hurricane Irene: ‚ÄòPhoto‚Äô of shark swimming in street is fake
0,BOMBSHELL: Internet Sleuths Just Found the SMOKING GUN on Dems Planning Violence in Charlottesville
0,New Regulation Requires 75 MPH Governor On All Motorcycles
0,Spicer: ‚ÄúTrump Has The Legal Right To Cancel SCOTUS Because They Serve At His Pleasure‚Äù
0,"BREAKING: FBI Just Raided The White House, 6 People Thrown Out"
0,BREAKING: Conservative Icon Ted Nugent Killed In Hunting Accident
0,Melania Trump undergoes kidney surgery at Walter Reed medical center
0,"No, Sandra Bullock didn't disparage Hillary Clinton"
0,Jimmy Carter: ‚ÄúMedical Marijuana Cured My Cancer‚Äù
0,"Obama, Not Donald Trump, May Be Invited to Royal Wedding of Prince Harry and Meghan Markle"
0,"Seattle Police Begin Gun Confiscations: No Laws Broken, No Warrant, No Charges"
0,Trey Gowdy Breaks His Silence After 2 Of His Investigators Are Found Tortured And Killed‚Ä¶
0,9 celebrities who say they'll move to Canada if Donald Trump becomes president
0,Malia Obama Arrested With A Gang Of Thugs In Chicago
0,Southwest Airlines 2017
0,Pro-Lifers Declare ‚ÄúEjaculation Is Murder: Every Sperm Cell Is A Life‚Äù
0,"Somali Immigrant Crashes Car Into Ohio Families Home, Killing The Infant At Home"
0,Post claiming free tickets on Allegiant Air
0,British Politician Beaten by Protestors for 'Welcoming Trump to the UK'
0,Archbishop Desmond Tutu dies while holidaying in Texas
0,BREAKING: Trump Just Ended Welfare For One HUGE Group For 5 Years! ‚Äì Let The Riots ERUPT!
0,"Executive Order Leads to Capture of ISIS Leader, Rasheed Muhammad"
0,Eric Schneiderman Helped NXIVM Sell Child Sex Slaves To The Clintons
0,"Melania Trump: ‚ÄòIf ISIS Lay A Finger On Barron, I‚Äôll Scratch Obama‚Äôs Eyes Out‚Äô"
0,BREAKING: FBI Issues Warrant For Obama‚Äôs Arrest After Confirming Illegal Trump Tower Wiretap
0,Chinese Lunar Rover Finds No Evidence Of American Moon Landings
0,WHOA! YouTube Witness Makes SHOCKING Admission On LIVE TV! CNN PULLS PLUG IMMEDIATELY! ‚Äî ShareRED
0,THIS ARTICLE RETRACTED: Red Crescent Says No Evidence of Chemical Attack in Syria‚Äôs Douma
0,‚ÄòSmallville‚Äô Star Confesses She Sold Children To Rothschilds And Clintons
0,Maxine Waters Is Getting Criminally Charged!
0,"THIS IS AMAZING: In 1984, the New York Times said Trump would be our BEST president‚Ä¶They forgot‚Ä¶.."
0,The CNN porn scare is how fake news spreads
0,Breaking: Crew Of Air Force One Refuses To Fly Obama 6000 Miles ‚ÄòJust To Play Golf‚Äô ‚Äì BuzzfeedUSA
0,BREAKING: Federal Judge Grants Permission To Subpoena Trump
0,JUST IN: WaPo Reporter Who Broke News On Judge Roy Moore Story Has A Criminal History Of ‚ÄúFaking‚Äù * 100PercentFedUp.com
0, Actress Emma Stone ‚ÄòFor the first time in history we have a president that‚Ä¶
0,Lance Armstrong's defiant Twitter photo shows him relaxing with seven yellow jerseys
0,Pier 39 Terrorist Was an Anti-Trump Antifa Supporter
0,Bill Clinton‚Äôs Hitman Confesses On His Deathbed (SOURCE: HANNITY)
0,WHITE SUPREMACIST WHO KILLED PROTESTER IS A DEMOCRAT AND VISITED OBAMA IN OVAL OFFICE (Updated 16.08.2017) ‚Äì Newsfeed ‚Äì Hasslefree allsorts
0, What Adam Sandler is saying about Mormons
0,LAW PASSED: All Child Support in the United States Will End by Beginning of 2018
0,Alabama Secretary of State
0,"Hurricane Irma: If There Was Such A Thing As A Category 6 Hurricane, This Would Be It"
0,BREAKING: PUTIN INTERFERENCE COULD GIVE COURTS LEGAL RIGHT TO MAKE HILLARY PRESIDENT
0,Texas Church Shooter Was Antifa Member Who Vowed To Start Civil War
0,dailynative.us
0,Australia Becomes First Country To Begin Microchipping Its Citizens
0,Clinton Body Count Series #5: Woman Set to Testify Against Clintons Blown Up in Home Explosion
0,Obama‚Äôs Tax- Skipping ‚Äì Audit Shows Millions In Offshore Accounts
0,Washington State Legislature votes to change its name because George Washington owned Slaves
0,Kim Jong Un Dead: North Koreans Calling Trump An Assassin
0,Donald Trump signs a visa-free travel policy for Ghana
0,Bill Gates Outlines 2018 Plan To Depopulate The Planet
0,"Legendary Actor Kirk Douglas Dead, 4 Days Before His 101st Birthday"
0,trueamericans.me -&nbspThis website is for sale! -&nbsptrueamericans Resources and Information.
0,BREAKING: Hillary Clinton Killed In Monster Truck Mishap
0,BREAKING: 2 Million Rounds Of Ammo That ‚ÄòWent Missing‚Äô Under Obama Turns Up In Enemy Hands
0,"300,000 Pounds of Counterfeit Rat Meat Has Been Sold as Chicken Wings in The U.S."
0,Tulsa School closes after brutal fire.
0,BREAKING: Malia Obama SUSPENDED After Racist Anti-White Attack Goes Viral
0,McCain‚Äôs Death Bed Secret Just Came Out About Who He Killed After Skeleton Suddenly Resurfaces
0,–Ω–∏ —á–µ–≥–æ –Ω–æ–≤–æ–≥–æ –∫–∞–∫ –ø—Ä–∞–≤–∏–ª—å–Ω–æ
0,U.N. Official 'Accidentally' Crushes Own Throat Right Before Testifying Against Hillary Clinton
0,WE WILL RIOT! Michelle Obama‚Äôs Mom Will Receive $160k Every Year Out Of Taxpayers‚Äô Pockets!
0,New Law Makes it Illegal to Shower and Do Laundry on Same Day
0,BREAKING: Laura Ingraham Just Fired!!
0,JUST IN TODAY: Trey Gowdy Is The NEW DIRECTOR Of The FBI!
0,BREAKING: Hilary Clinton Filed For Divorce In New York Courts!
0,Frequently Asked Questions
0,"South African firm ordered to lay off 3,389 white employees"
0,Pope says that the rights of Muslim migrants trump any safety concerns that you might have with them in your country
0,A Trump fan was just charged with trying to murder Maxine Waters on same day Trump threatened her
0,IT BEGINS: California Appoints FIRST Illegal Alien to State Office ‚Äì Trump Has Better Plan
0,Secret Service Agent Says Obama Is Muslim & Gay In New Tell-All Book
0,"I‚Äôll Make Sure you are Jailed- Donald Trump Tells Ghana‚Äôs Prez Mahama ‚ãÜ Ghana Home, Ghana News, Politics, Info, News on Ghana, Ghana"
0,JUST IN: 45 States Just Banned Sharia Law. Do You Support This? ‚Äì ChristmasGifts
0,President Trump Just Saved Christmas For 13 Million Retirees
0,CONFIRMED ! JUSTICE RUTH BADER GINSBURG IS RESIGNING FROM THE POST OF ASSOCIATE JUSTICE OF THE SUPREME COURT
0,FBI RAIDS OBAMA ‚Äì Find Massive Secret That Was Hidden For YEARS
0,Fox News accidentally puts up a poll graphic that shows how they are the least trusted network
0,'The Daily Show's' Michelle Wolf Lands Her Own Netflix Late-Night Show (Exclusive)
0,"Russian source behind Trump dossier killed in Russian plane crash, Rosatom CFO also dead. : conspiracy"
0,Family's private investigator: There is evidence Seth Rich had contact with WikiLeaks prior to death
0,OBAMA‚ÄôS PRIVATE ‚ÄòSECURITY‚Äô COMPANY SETS UP MASSIVE CAMPS OUTSIDE 3 MAJOR CITIES
0,USDA approves slaughterhouses producing horse meat for human consumption
0,Delta Force Raids Obama Stronghold in Thailand
0, accessed Aug 11
0,Bowe Bergdahl wanders off during court-martial ‚Äî Duffel Blog
0,Iranian Official Drops Bombshell: Obama Secretly Gave Citizenship to 2500 Iranians as Part of Nuke Deal
0,"ISIS Lays Down Arms After Katy Perry‚Äôs Impassioned Plea To ‚ÄòLike, Just Co-Exist‚Äô"
0,BREAKING: Supreme Court Sides With Trump‚ÄìThis Changes Everything!
0,"BREAKING: Barron Trump Rushed To The Hospital, Hospital Releases Statement On His Condition"
0,International Arrest Warrant Issued for George Soros
0,George H.W. Bush has died at 94 ‚Äì New York
0,Keanu on Trump travel ban: 'just terrible'
0, Wake Up America
0,Account Suspended
0,Police Discover Meth Lab In Back Room of Alabama Walmart
0,Florida passes bill legalizing recreational use of marijuana
0,Twitter Caught Leaking Donald Trump's Private Messages in Undercover Sting
0,Senate Report Admits Clinton ‚ÄòGifted‚Äô Children To Human Traffickers
0,Rubio: ‚ÄúRape Victims Should Be In Custody If There Is Suspicion That They‚Äôre Planning Abortion‚Äù
0,Radical Muslims in Australia OFFENDED That Their Children Have to Sing the National Anthem
0,Rep. Paul Gosar Asks Capitol Police to Arrest Illegal Immigrants Attending State of the Union
0,WORSE THAN HITLER! Trey Gowdy‚Äôs Son Found In A Dumpster In DC! Murders Are Being Questioned!
0,"Donald Trump Protester Speaks Out: ‚ÄúI Was Paid $3,500 To Protest Trump‚Äôs Rally‚Äù"
0,BREAKING: 3 Liberal Celebrities Arrested For Conspiracy To Assassinate President Trump
0,"Singer Dolly Parton: ‚ÄúTrump In One Year Is Already Better Than 16 Years‚Äô of Bush, Obama ‚ÄòPut Together‚Äô, This Stupid Liberals Doing Everything To Impeach Him But We Standing With Trump now And Forever."
0,BUSTED: Russian Mansions Obama Seized Were Meant To Be Illegal Gifts To Sasha And Malia
0,Who is affected by the government shutdown?
0,Lindsey Graham Threatens To Convert To Democrat If Republicans Don‚Äôt Dump Trump ‚Äì True Trumpers
0,ELECTORAL COLLEGE ELECTOR COMMITS SUICIDE TO AVOID VOTING FOR DONALD TRUMP
0,Sarah Palin Calls To Boycott Mall Of America Because ‚ÄúSanta Was Always White In The Bible‚Äù
0,Account Suspended
